battery_id,battery_type,lithium_content,cobalt_content,nickel_content,manganese_content,age_years,charge_cycles,energy_density,recycling_temp,recycling_time,lithium_recovery_rate,cobalt_recovery_rate,nickel_recovery_rate,manganese_recovery_rate,energy_consumed,process_cost,materials_value,profit_margin
1579,EV_NMC622,8.095308777010567,5.823074824142327,11.845583507160127,4.958839542291343,2.836625790811076,1519.1627415325167,229.9206129901254,64.81042617245694,5.934532653759422,0.7748644409107173,0.9174439196830458,0.8068401136255688,0.8535135801644452,67.15921738408582,201.19764474056768,663.7994979706941,2.29924089731082
3412,Industrial_LMO,6.795802788077571,0.2537421449677303,0.15572179425336685,12.965917374724203,4.132555271781439,2028.3289491389328,145.42850470838812,54.932049142313446,5.473485406864992,0.7040424653553741,0.8401865893086611,0.7247106885739378,0.8052455949234524,57.305351122462824,201.74527528823532,210.63157337024148,0.04404711867135539
3348,Consumer_LCO,5.469929958781588,12.456511653011745,0.37100865282461404,0.4124500310505351,5.900965358922813,1468.6777387571271,151.17512184515545,60.597473001044676,3.912120973950243,0.6884262591801177,0.7654665781299157,0.7188261675402081,0.7515191643132262,55.636873198683546,141.5128147102032,567.1381773221802,3.007680707104818
2855,Consumer_NMC,6.822126056059946,7.576171298827286,7.795861589527489,6.487928265065411,4.07813438269758,1913.2267403288188,187.57249722535377,74.33741174816095,5.707502018253855,0.7240021052602695,0.8251127418812615,0.8189809952908288,0.8454088962433306,69.8003800301433,205.57470383924343,598.3250797382693,1.9104995340581947
3474,Industrial_LMO,6.458863179163272,0.8669295351426124,0.23625407779095287,10.454687225640843,2.834304666677362,905.3081386417541,141.4767755094925,64.56438490729573,3.5156692293453493,0.7696953194278727,0.9059692898634895,0.8189377904060714,0.8343020329103374,53.89573885256481,139.94870976258522,239.37765387930534,0.7104670295667284
2393,EV_NMC811,9.1387279515453,2.026564501444647,15.15673757089441,2.064535412913684,7.201607149428567,408.2347849614555,265.9027267230203,60.818652911418766,6.2706060519671825,0.7193778512027952,0.8201260504242525,0.7998488272876466,0.8171356529304599,68.59520245043346,220.46391559815976,552.411663909944,1.505678366507952
2620,Industrial_LMO,6.141307614548812,0.11696504432737143,0.3714286389864965,10.454640401730556,3.7851427432616376,211.09300109932124,127.28185034686263,59.905351734270354,7.553621604024808,0.8099523384272285,0.9453504143191318,0.9018448176138885,0.8417626109234908,70.97829295108835,266.1591304017118,212.17200517552237,-0.20283777281924206
3473,EV_NMC622,8.524647341905695,5.157046602652588,10.959576668754451,4.14312023192613,8.195998366148027,350.503700022365,224.45325600034488,54.177797626450534,7.568931501075081,0.6720141085916274,0.8304706560615617,0.7795171888139723,0.7921971288154248,67.6468033637456,257.4297035748753,573.9389011181086,1.229497579913789
2351,Consumer_LCO,5.360605120064156,14.538643401092447,0.03884918374736207,0.13284402461865563,8.322234723319228,1060.7472857201224,187.98410775105927,85.4545682490625,5.656855675592473,0.756752830671283,0.8572953242867868,0.7880900046642036,0.8617313711445385,71.47564878746847,209.0715342414884,703.814614528973,2.3663818323351036
2525,EV_NMC811,9.30151523844712,2.3560715217880315,16.739556095872956,2.446388781836676,9.760056159083748,444.8004080368096,291.6731226629024,48.6674910808013,7.399602944398854,0.6329628910663677,0.78078915972197,0.7015748613487146,0.7178058005995559,57.061277708664704,243.7572040596761,528.9938999646602,1.1701672449243923
3236,Industrial_LMO,6.82595190300794,0.48525604636733377,0.5173054008439883,12.98407647878549,6.1261297611023275,317.98654620958575,122.35901921085348,71.12096028177201,6.7580628205099345,0.8162999606073668,0.8644374169728538,0.8159944163086912,0.8413981937020486,70.65985945513115,241.6737473752047,255.11385804252993,0.05561262161611254
1014,Consumer_LCO,6.913825548829632,12.55176170283104,0.3037538143488803,0.26403575910590843,3.2850627435371553,777.484142073716,170.09394680231858,83.9229548557953,6.272592863628242,0.9188477822939973,0.9605166927643065,0.9062269298116727,0.936059965480133,80.76016322713937,222.03727684117135,771.1211709500237,2.4729356345944806
1843,EV_NMC622,7.35124835808222,5.829174572354843,11.871192153120543,4.1382346219141155,6.220011126393766,23.536510800398673,232.70505690674443,88.98205365207178,6.446076836256817,0.8570717582056608,0.9211437823278925,0.9290326247759301,0.893967600824434,78.11137155137227,232.49811860270802,693.819852673127,1.984195557550829
2203,EV_NMC622,8.705992127530891,6.91098165979918,11.311220232031824,4.570112895512919,7.622002621586236,177.16496658975888,229.8363425326338,47.90579344306937,3.1663917069095966,0.6203851168187717,0.7869166513813503,0.6941941095641974,0.7182077221586464,47.58441129813461,127.42328144487176,600.6543928133539,3.713851236622094
1412,Industrial_LMO,6.139405066176474,0.28323823446989627,0.6097489992562026,12.539439479907163,8.53228946411961,558.9654044859984,130.94363967272577,41.8870214086414,5.789727104937724,0.6502684397082088,0.8076801374315257,0.7089566660632671,0.7421295390849678,50.624464726017365,208.16862228497408,186.58699036337043,-0.10367379908034026
1376,EV_LFP,10.017362215140475,0.03823317351165506,0.1277436138637134,0.1521315247307543,2.7868723421166735,1760.979073638987,168.4621173354495,48.85150124224063,3.7382080035488454,0.6568855451787063,0.8031821161394064,0.7232636689964731,0.7699087817272171,53.246187592005136,147.3305279257022,233.89021294011314,0.5875203614152691
3353,Consumer_LCO,6.345181718241013,13.807442139395908,0.11033872169814601,0.27668891461185546,4.625072284252061,1799.156852189783,181.82574190724955,48.30972727950347,3.626331657217895,0.6624062769139429,0.7715880586318907,0.7444985631560789,0.7562074246193438,46.094864542013184,139.7228620787125,628.7933163465877,3.500289408560488
1227,Consumer_LCO,6.904672113963667,13.848978367400957,0.4407275799709527,0.06291422153537307,3.3555203759084606,1215.9965973872106,195.01727171721774,51.36616114951407,3.309356111632379,0.6723010904817095,0.8040732519064738,0.7495032813282654,0.7445837348536735,52.10266716147026,135.7017888806293,670.3194089882477,3.9396504977388127
2831,EV_LFP,11.231799662561121,0.3506135280332039,0.20159454666492627,0.4513476741038522,2.44253404048361,1268.0920045345376,179.15562943728582,47.059909480615296,7.768577793923182,0.7990664933701717,0.9134407823548027,0.8472668188082153,0.8484745034334382,65.73925347513857,270.72410560448463,333.1002866475728,0.23040497595813225
2529,Industrial_LMO,6.822248714385791,0.5921997851484773,0.5614173150506038,11.767951900563407,5.7193036540940945,1073.8448811837864,134.68043054196713,71.38015663158035,6.466779671309636,0.7578317987568429,0.8930874761367715,0.8425369311034577,0.8836860494727207,66.92707934932332,217.39621794854293,245.41179624455185,0.12886874739762094
1442,Consumer_NMC,6.499885614318756,6.691347947419435,6.78656975480399,6.781715578030338,6.551368296318855,718.032920984372,201.02107331190928,88.75285487199316,4.833973034279024,0.8308312339699467,0.8644551267990811,0.8620769330131137,0.8674651676413178,72.80083870216633,187.75954600052134,583.9670421421195,2.1101856314698266
1199,Industrial_LMO,7.726516374759825,0.6614969384121666,0.5106266201607456,10.208333279506764,0.7268466112189096,1396.238569699494,148.06793911248138,60.25490202650153,2.526878880444967,0.7634075444343906,0.8557141686831913,0.8293759383164263,0.8299043988329055,55.52411350948376,102.00721836099162,265.80503559210405,1.6057473173266144
2081,Consumer_NMC,6.820428824410827,7.428163735296977,7.4608193854946725,6.386561257539485,0.7211980953051748,1832.2815947880015,216.50310802752256,78.47050449079182,5.936941114910915,0.9009899876550408,0.9416163294783094,0.8979369973979974,0.8911594723898723,75.09789935016273,213.76076152292006,680.8926939092808,2.1853025272660878
1276,Consumer_LCO,6.4855770123085215,13.219794261666861,0.1080219841509058,0.038993624880994004,7.024090712628077,1356.8272160286676,185.74565873901682,84.67861270029834,7.211552593545099,0.7456393996798455,0.8927553402602966,0.8368646883380867,0.8541775042732435,81.05914073724955,246.12701020087485,702.2563659558302,1.8532275485843206
3251,EV_NMC622,7.641796298843332,6.864045237631963,11.357539701237458,5.483364606585078,4.084196293981851,1211.9953122153609,242.2554621373108,73.99836232699201,6.3925998879078945,0.8256807748008659,0.9065762229754356,0.8391019933676632,0.908786839515399,66.7078407961982,220.68014756595042,706.4163722088,2.201087093698299
2793,EV_NMC811,9.643661130636254,2.5445864533661604,16.29055913128872,2.2288241959708883,5.306159528809617,1086.53060079458,268.0475680356327,73.29910301277249,2.2238212903098664,0.701247708026784,0.8136554164288501,0.7728381208750651,0.7838891770457607,55.97092348736912,101.47036722680032,586.9003346703405,4.783957924962832
1042,EV_NMC811,8.914022113367707,2.7188174940046244,15.654030145005459,2.0238808453704733,5.674796745537677,1805.4258002685926,274.19362376756703,89.20106587203566,2.9111208417379744,0.7546192460593117,0.8117042978484403,0.7579162239977686,0.810345799200013,68.0457222644989,114.54061165975187,576.9526540321812,4.03710121389997
3268,Consumer_LCO,6.247022069065416,14.279401567647808,0.0866048529225088,0.3078886714299019,3.428897736926533,1302.2159459099594,172.66547828227314,56.286898630603034,2.3654221974017444,0.6715668342348727,0.8233217359280718,0.804753688338144,0.7750668097241541,50.98385602103615,108.21645266146217,677.9894394694531,5.265123489035761
2843,Industrial_LMO,7.424479657175524,0.32913588907931146,0.18111317604997346,12.800050894717362,3.705037622759909,119.94809757359776,146.0597200599237,70.86238510145876,4.3263124363865675,0.8423612597229186,0.8691239135733291,0.8660739772919678,0.8287550876576627,65.82742722608802,167.31102519702918,266.7274556070804,0.594201310361802
1409,EV_LFP,11.850750308566518,0.2667617575810003,0.0024617271673356145,0.21461878186383782,1.6232925376243637,124.00527176708725,165.6070345092693,74.00066855343744,7.230534927925645,0.9141678676609866,0.9282143725055058,0.9286703907388117,0.931518576235372,72.27076340565579,240.93181770749982,390.96316108469745,0.6227128687475444
1979,Consumer_NMC,6.91323122798537,7.058634847599072,7.441905130884443,7.393483566589319,6.13160514280166,1645.4665514959586,199.78293736651412,42.00366911097326,3.7771416265031705,0.5740277169667871,0.7737812648825518,0.6778020993486853,0.685341274849446,43.204604318956626,144.9768249081381,500.7602516622638,2.4540710350055006
1446,Industrial_LMO,7.288153226124489,0.4081934275306385,0.6477047562572229,12.969834795886012,6.860447398905038,235.11328425290105,121.2846810872196,60.76241596517375,6.359462831823578,0.7732455110371863,0.8428746885743926,0.8158109170386825,0.7794708571543764,65.84192216078742,219.08169818143367,253.62304462962842,0.15766422633619154
2318,EV_NMC622,7.838249381669911,6.15903691888646,11.362149071989709,5.09844475683854,4.272788585765234,1876.3722639254452,231.53850785866933,81.44680679959743,6.395530504670099,0.8265072251155634,0.8757619129643781,0.8281280073645175,0.8453443764951248,74.64995847179615,228.63304772066073,670.5822912713751,1.9330068332495793
1641,EV_NMC811,8.96489449191391,2.8035305543071107,14.755115548457132,2.8284359247132786,9.20807287565811,970.9788802974223,254.83387581347566,76.5047596919712,4.88677969073509,0.6706893255452145,0.7877894668796275,0.7555829278294274,0.8027057398697436,63.753994236736645,168.64296454972543,539.615172633085,2.199749091661491
2209,Consumer_NMC,6.948220004330274,7.647685069477108,6.823868275806272,6.526127806261751,8.481333486395583,742.6048153487368,189.29761398007147,77.45303890444345,5.080147535062972,0.7454786307678236,0.8729991730735238,0.7439582165205005,0.8269371788983513,72.6493789048206,181.34300086536615,599.4538076961857,2.3056352042019865
1510,Industrial_LMO,6.0138234537863005,0.22493787547312594,0.7874388158879575,12.160453990696602,9.850435806364121,73.03684885299752,137.41690551427618,78.76854165950878,7.685868885628718,0.7794745741093374,0.8608387465960431,0.7859924458655587,0.871655279129219,80.26722701237523,264.20995464690213,216.95796335478167,-0.17884258507696804
3371,EV_NMC811,8.62444670125393,2.393795938793504,14.96761345348639,2.7849004859627917,2.7462338588661677,2092.348884885901,264.1639760984274,83.52478504051045,5.829829145094164,0.8072818165027191,0.9308674952965158,0.8587380970518644,0.8532977941248416,77.9418093811688,214.3518402245372,608.1506185306596,1.8371607068715223
1076,EV_LFP,10.681297471799933,0.28657373564572863,0.0768524657881976,0.18913211211497505,6.191241026653865,1678.1318431147758,178.2808438591963,56.87229546169473,5.867861999616026,0.6951061403767593,0.7822506961081223,0.7235012246036117,0.7673151691064554,58.57955050732566,200.82676197199567,271.49743266114837,0.3518986712488418
3080,EV_NMC622,8.782255672500582,5.1279565702655265,10.149861143355531,4.45989652739484,1.5764545938033618,1158.522267970978,249.8845567696016,68.22995669878651,7.5062485367646605,0.9011741064363039,0.960739269659393,0.9302881328663724,0.9048344633447498,71.7291496016694,262.0998299006703,699.6525772238386,1.6694125573793415
3364,Consumer_NMC,7.692018172896476,7.306285618924695,7.017645684359108,7.8575528987563805,4.242377249047751,203.80244375157304,191.90725036090873,87.3819550399067,2.546639270005792,0.8485892473876658,0.8665293151799962,0.8592054533417258,0.8997760388686451,69.19945873583742,112.66914523742926,655.1598195522575,4.814900061340042
3227,Consumer_LCO,6.629046863510996,13.025751150443543,0.25228788945407504,0.42641072882208664,9.678294871226829,89.59615411673555,182.51746505283927,72.33698487195625,4.022269782819503,0.7131981683019213,0.8265062721367533,0.7395613513671215,0.7718914143056884,60.81614526742499,157.60371520291443,654.6568447443638,3.1538160690025268
2241,Consumer_NMC,7.494656612930509,6.478402101360296,6.994106915089966,7.386009960320418,8.24400534017784,1060.0802021797738,208.83413657273505,73.76084425394635,3.5571945694866267,0.6828092435027159,0.7778932560601731,0.771755758647342,0.7786764186310375,66.29758077494085,130.75528975686564,531.096248255754,3.0617572661366643
2438,Consumer_NMC,6.116803543541419,6.708048594509051,6.99838174638888,6.402360454610577,9.95021551827255,321.67466613216084,180.52972068795157,71.54243691752609,5.0650995767357,0.6783236009695068,0.8446557748297717,0.723279185492389,0.7839066605890594,65.62298107993381,186.4774605383341,516.4829024537609,1.7696800512123432
2063,EV_NMC622,8.981292808093139,6.148155715056978,11.755530181217907,5.417630274709692,1.007686645049056,2048.498299331637,202.01030131750272,64.37820659230343,7.459252807205158,0.8262674287575452,0.8684861043417228,0.9057153171956769,0.8711093587805466,71.72472697086168,249.57929160924797,727.1160115465271,1.9133667575470608
3343,EV_NMC622,8.915827206605881,6.3371210074817945,11.456729425071124,4.4462984097361105,8.409496996100202,858.6465368449578,243.37351325025014,74.88347651635364,3.9684569580899915,0.6649146696177933,0.7927571347251262,0.7375161909654039,0.8113895511032989,62.1418778483464,155.45181370540067,613.3736648463697,2.9457478830628787
2666,Industrial_LMO,7.7361232600794105,0.7802888150184484,0.7866659565355113,11.63099237290892,0.6493406415220175,1892.1600367171354,149.96317080949285,64.92556711856336,6.991869496060618,0.8293387653910526,0.9017756783541968,0.8711965333069143,0.9062734483288147,66.20601828593925,247.3649959925736,301.54878014628264,0.2190438624361215
2130,Consumer_LCO,6.432950286007249,13.46309243065099,0.48012425096978256,0.33526955830155925,0.5953623494579746,1148.9365262346266,159.7871480034872,55.19479934331096,3.773381099575784,0.7630717200093511,0.8807651694455676,0.8131313886473737,0.7865255751365661,52.38873040962684,144.74427929528864,714.009291473995,3.9329016314169154
3136,Industrial_LMO,7.7807409619618255,0.3552272446039946,0.3758141784018585,12.88814749054609,6.321936204129709,1558.4726523754046,134.01018105714567,44.8039464223657,4.278734770643011,0.6157239990464903,0.7496197002685749,0.6788625237323493,0.711580174639669,45.96554701020822,146.2955098957083,212.275827209166,0.45100712496572176
1497,EV_NMC811,8.437107689565952,2.724851542564588,15.903811280874333,2.8966318480263364,4.866531597847593,100.85520944464014,251.57504828502778,41.91947798031385,6.201689897943757,0.7332159099606408,0.8314943950393852,0.7744121583693928,0.7730644652296309,57.72294098749864,225.22690754435433,571.5141469026078,1.5375038583702902
3073,EV_NMC622,7.320101116630031,6.043438447575716,11.381489257206159,5.1535141462116005,2.4554916171926546,1012.3029194643121,227.78915155466345,67.13143250142488,2.4988924592828123,0.7465831359923545,0.8435591086945138,0.8226557403101554,0.8578036095275945,54.95802671257118,100.11504558865778,621.210189946634,5.204963362839563
1312,Industrial_LMO,6.6842812826464275,0.9223456113098873,0.892196685326275,11.185227637544259,2.0595925401495316,2044.0904883572284,142.26415636709615,51.08315111955859,6.140710652339267,0.7611932690392118,0.8253739480046527,0.8193162496394399,0.7725759805995289,61.658126984550705,216.3254128926368,252.8827884376154,0.16899251482359212
3427,EV_NMC622,8.637076959633738,5.723726555509526,11.80355840045066,4.353964627042573,8.85623057272721,282.8038364174267,219.70275077025673,71.68246210904081,7.709682411148661,0.7324136419384114,0.8450562601311369,0.8098010265230694,0.8216785726031444,78.37911866167912,273.51974198301224,640.9695002812535,1.3434121999174118
2896,Consumer_LCO,5.022014707155085,14.61897345855871,0.07646787544795136,0.4274547309409128,5.105182382695012,1473.4962687037405,168.43960922339403,79.91308466048022,3.6887024289026913,0.7345117419444653,0.8618813815623827,0.8042877057951943,0.8187027638547663,63.16675393851601,142.5769237810207,698.3773723898532,3.898249687743779
1728,Consumer_LCO,6.326407437096103,13.223843171676865,0.17647805959036633,0.024421284418463418,7.640642019834754,390.72844195982896,161.5103523548899,51.579040117443014,7.053997621876486,0.7045010615424482,0.811899801147099,0.7434659637511689,0.7531548871674341,66.2582163006617,244.93120894633196,641.8125179404855,1.6203786797995028
2463,Industrial_LMO,6.425270997679163,0.7335366885968829,0.6662479426193515,12.485425567838,7.870956884367529,507.4424815333941,147.21466877286343,67.08897125625303,7.754448102256173,0.7685987195460255,0.8617157717886458,0.7851024954768006,0.8748189787195381,73.25000574901118,271.09368247394383,244.5193533526037,-0.09802636815003728
1707,EV_LFP,10.756760213370445,0.2445970949990911,0.1591110041476469,0.39883363053894316,9.424879832587562,483.82550331434766,177.13845750193533,59.06531677382722,7.574184158525122,0.6721019416376951,0.8415382318071221,0.748547224362721,0.7497786477031979,63.77498809775941,249.33087105892918,265.5792340180875,0.06516787468054061
2845,EV_LFP,10.264879745689214,0.133104929515578,0.2786102505845197,0.013854969382410043,4.114311885536589,163.0093796176529,171.72376016660763,87.77668306378322,5.514707653902642,0.8469577736663723,0.967705367664125,0.9176319471682217,0.9678546383974806,79.20590123112936,201.75249108933295,315.23693746067704,0.562493408426342
2696,Consumer_LCO,6.62758485102372,12.303865109610514,0.3208633668502604,0.23921213582372858,2.057955932793301,1586.9076081021894,165.25962280598418,73.69522647254283,5.4803889506464225,0.8293847105918116,0.8881492071807393,0.8396915875062394,0.9207256423129667,63.598349174382875,197.517396560719,690.1829475716626,2.494289412423947
2291,Consumer_LCO,5.874824843846834,12.910892496002893,0.48111614763906585,0.16941774784367264,4.664227284971873,41.067276817469505,184.73991000084672,84.73647447012382,6.166284029307561,0.8880739522715935,0.98,0.926956568120235,0.934059396444218,73.75849931167447,211.1665769407988,761.3693353825198,2.6055390318514853
2955,Consumer_NMC,6.922620534259417,7.730172911401091,7.28672352340581,6.831378942494401,3.256549971905679,754.9289813046789,183.36158875557902,54.692200582307365,5.898388128711967,0.7827215662559613,0.8275669733933653,0.8053589098565312,0.8475110664316841,62.75381030139287,215.2359845047315,612.2601265782714,1.8445992801208952
3290,Consumer_LCO,5.296012941416642,14.333072306207562,0.2602522771437045,0.3292944865102841,2.1341321119123395,278.9330050644942,168.3465145961504,61.30231891318093,7.115174388337718,0.8991262627580697,0.8935487195994789,0.9083810369449524,0.8853824980149401,62.35888197256463,252.25560385373836,748.5936990376632,1.9675998772725352
2088,Consumer_LCO,6.61822660256392,13.195935826969723,0.3587234572903311,0.19041995637165282,6.650686635676256,1282.274147540986,199.0121429258687,70.93978311701706,3.708724116650766,0.6882387316101772,0.8003995997850621,0.7540952386455069,0.7744996970688311,58.30137182354527,132.50043202834314,640.5658484655621,3.834443470558185
1506,Industrial_LMO,7.761017302462724,0.6286075942555573,0.8887663604526097,11.334150102674212,0.6121982859820667,1850.8022178152262,129.9812562418024,54.2236175083511,6.017954051790769,0.7504180015321387,0.8860881867036791,0.8234761373157969,0.8024415858704314,59.20454574950592,213.0824761982711,270.8278655776429,0.27100017988171066
1907,Industrial_LMO,7.694420764738243,0.08924748134139993,0.4129584803395714,11.475504238147694,2.2380627437331846,877.9298795498732,144.02315913508355,73.57060250328406,7.484078277021362,0.8881371104847197,0.9446650674418946,0.9215055200780956,0.9517473407066106,73.41735272933066,259.1947237614342,283.3496381884995,0.093192153283559
2590,Consumer_LCO,6.98410295619235,13.061762290198406,0.36599292649368315,0.06554857841228773,4.155786252386021,597.1455116440394,176.7068853173122,64.16470064432322,3.8513777112290493,0.7900978053727512,0.8619915585163941,0.8035127847259236,0.7880038241465757,56.507761335184895,153.24525771161632,705.831709646425,3.6058959356164237
3399,EV_NMC622,7.824482694702314,5.260051616999294,11.68660367438593,5.596945192648472,1.2328971366157226,1462.8689500747657,226.5158910134914,44.57709062555867,7.21944048022792,0.7625853178765097,0.8732403125763244,0.8604786751645522,0.7824591435255337,57.141044313130585,249.60245159145336,629.7968648859545,1.523199835860584
3152,EV_NMC622,7.9121384897380835,6.509383969723361,11.456402972648847,5.826040195456253,0.9583601831593616,2448.4673977183134,200.5936170014567,74.53718522327515,3.9882031940279568,0.8180785096154597,0.8554913058793958,0.8521988598304469,0.8640589717975313,61.8052172898627,146.57396187904843,687.5035268210694,3.690488801744961
2524,EV_NMC622,8.818820900884505,5.944589331017159,10.682371930786296,4.427614101961495,2.2289682131436073,2080.24880219274,236.38839914857869,82.90788647063772,2.096435635621354,0.7527255611727552,0.8375498287632158,0.8650104768419887,0.8555736242475469,65.86067296640047,86.76498836986252,652.5570791192715,6.520972357393119
1601,Industrial_LMO,6.8227432870429,0.5690275276150517,0.3975592003875348,11.518523262581652,2.235153017167937,2413.6674745678038,146.16563707393044,55.44180440633404,2.5416563143153206,0.6976679203629651,0.7920242699431427,0.7192948193435191,0.7232517029489184,46.294832584208145,95.89748665735004,217.5927019143937,1.269013605037128
2508,Consumer_LCO,6.590981351894191,12.43244869083278,0.1510317817549714,0.44190626734119404,6.056345048239362,214.02096494103947,179.40029224373325,67.57615280901496,2.6852968198592873,0.7407257014714816,0.8409475410522206,0.7791310697306423,0.7718993029416791,57.42265338501881,111.15561993438374,644.7272894887926,4.80022215583325
2084,EV_LFP,11.741014745404213,0.352689209895772,0.01622694532155311,0.07989212520064376,5.608699002464028,244.3522754965048,167.7954586964093,74.96352157796903,6.622189804524487,0.8273297884860621,0.9431316192598822,0.8265615536996823,0.8969034819193012,69.07025303955399,240.02609241326468,355.4308671190939,0.4808009560357761
2067,EV_LFP,10.660200666163972,0.38686640991396604,0.11522614768412354,0.49858492504590735,6.8050227742455816,558.7408896004423,175.34723587830922,83.11574957785075,7.705577788653245,0.7853407272405787,0.9478475930168756,0.8954835287610309,0.8787947472582573,75.8653214603364,260.6241134349717,312.89533261112337,0.20056171505862533
1448,Consumer_LCO,5.249986652783457,12.417656158566068,0.14720257445870227,0.3987444133743014,6.104196867518866,532.088181847246,152.25527250041452,89.20640861146693,3.7708295341690024,0.7613545573287451,0.8430231174491704,0.8303387711538754,0.880873524284204,72.1587493840985,153.11899380669664,614.4735388055209,3.0130458248782395
2748,EV_NMC622,7.570428650534015,5.638075767234844,11.084430253191297,4.275585721449221,1.8075280247325722,862.0756633851445,233.17053957347656,42.11313451987254,3.9218356964747034,0.7424109319535954,0.8258876630509572,0.7617023792666857,0.7868008975822641,43.56465745072698,149.92430429882333,585.2045315017597,2.903333313692439
3449,EV_NMC622,8.767010045750757,5.89991718941074,11.99954156995939,5.87186906061929,4.027566521071506,1821.4348101052224,201.3099419428759,61.105112885318576,4.991034004522742,0.7402534125016426,0.825547313462077,0.7698773512749121,0.7930169848848784,59.19139669171759,170.8908530621582,645.0560352767598,2.7746668339360054
2413,Consumer_LCO,6.7585151615097185,13.140037614002015,0.17172713847241416,0.08274928520051567,1.5212268122058152,1958.3156904569712,173.81926246169004,47.42382823924424,3.784884388376427,0.6775727541571592,0.7861841571020391,0.7742967463651307,0.7657412225878542,54.942939304691485,134.4508484965739,627.9999723413828,3.670851685680403
1536,Consumer_LCO,5.689600970533771,12.147697792102822,0.10764119525924987,0.48903405916385556,5.728493384623431,1520.9357636395227,157.75672244120082,74.55635424466884,2.8859005662108217,0.706020512350758,0.84414853922856,0.7617784571514578,0.8055427557763148,61.139881923387826,109.79339481481499,604.8666737128514,4.509135360401786
1520,Industrial_LMO,6.127838979205241,0.0043234374962171085,0.7050697000161238,12.449279291094502,9.673923026438091,894.7919669012394,127.64474691175118,55.33356230317391,4.282045050770002,0.6159825588698317,0.7919588092719293,0.6955238668733759,0.6931901694163738,59.31460096855017,154.63299663643835,167.96355716100192,0.08620773582953574
1277,Consumer_LCO,5.83268060009198,13.210209445809825,0.1391243788377221,0.22066860013734624,2.699055869526149,452.1494238508911,150.14176673765064,89.25067167767651,3.8903771503538156,0.882730550328399,0.9594269064293229,0.8877682172135586,0.9395966406728439,74.2624101515691,154.68627186799827,753.6365771063746,3.872032715026524
2344,Consumer_LCO,5.83943283490762,14.053755435954235,0.40700318159263293,0.2671439324249389,2.3978851766375993,1715.278688921688,158.83692112232055,75.43552354628449,3.4906276983619273,0.7730291318773383,0.901924636620711,0.8630800883897025,0.8429351335175734,64.30576766076172,139.643718364125,736.0871630966029,4.271179912133495
2297,EV_NMC811,8.556266743068443,2.4634550638618666,15.21965098379324,2.4589330533653895,4.9378250854496155,1285.484201485809,259.0232414867846,87.18238813254098,2.7606529020193586,0.7654754540634516,0.8998481366235559,0.818575330150632,0.8262533669953575,65.4946807278131,108.17649724732648,584.2532428779766,4.400925873410235
1054,EV_LFP,10.172152731316759,0.12119491078724826,0.2191103731819552,0.23830514300791295,1.600192180744692,698.0588363026504,166.70103044382606,53.807607075822766,3.401416767396051,0.7563432197773753,0.8927937403262958,0.8183598150300413,0.8056412307712615,48.423511366242614,133.56136399914425,278.3086366429616,1.083751081223944
1401,Consumer_NMC,7.360039151225416,7.775853063438976,6.737190049513758,7.286519207728506,1.582425574774133,1618.4840594534464,184.49825854396803,65.24495337373152,5.9015720560248255,0.8106609584548335,0.8685248608200477,0.858586154999814,0.8391970839827957,65.77998652694394,210.78012940432092,646.7694892433655,2.0684556986997795
2407,EV_NMC811,9.471392025705779,2.485547238986247,14.562679525850854,2.63805520899648,1.3657641816665183,2282.6574673773616,297.05717579629106,87.76758619917703,4.6009793981064675,0.7995512561326328,0.9168766904883463,0.8572383936546348,0.8595331115739802,72.2575066075338,163.95379097856357,624.0787808835856,2.8064309288534957
2281,Industrial_LMO,7.059380809035236,0.7256932708025912,0.9811595067680813,12.047145127905246,5.5816289462014375,311.58144482486216,134.1422695481195,40.60371657297007,2.629442782194036,0.6136571001464997,0.7426545297608999,0.7142951430811603,0.6955287534060969,43.75831033632508,102.08213657908428,215.0278001328089,1.10641947101317
2112,EV_NMC622,8.029037506079298,5.801576663352252,10.114369889310387,4.319405869426419,6.791998806763398,1261.3055994015483,209.44556920123006,75.78003062685274,6.066036034405284,0.7332756856130438,0.821323404989963,0.8149353414453631,0.8591218338067533,72.77672361475574,220.28598325414075,596.4699481078641,1.7077072235673085
2773,EV_NMC811,9.934859580979257,2.4207141480265273,15.829625021430463,2.8206309562298477,3.480564908645354,948.1988934750094,279.5503528300312,73.30552829384078,2.391406865396214,0.7689491323006835,0.8975318021186349,0.8428790829419939,0.8227861616543011,61.3231764192354,94.36483133476102,638.9606396088022,5.771173440050746
1824,Industrial_LMO,7.219596824198241,0.4161017596557668,0.35492484863567164,10.674812080043232,1.0834823172622685,1487.6817772693698,128.2331054061506,48.58549864042989,2.754542044435551,0.713051356102603,0.8216649678069917,0.7691549260819633,0.7612324960000397,44.486217276598325,117.74669432009571,225.40123190954904,0.9142892563658157
2434,Consumer_NMC,7.673986884661686,7.225984310870427,6.858309080254261,7.703756279109726,3.639737916871751,1685.0003118711022,187.80139236713845,48.74305785878144,5.503966592349503,0.7200623193688589,0.8024941413761894,0.796578343884158,0.755374177295759,54.992490371656196,193.0847515472062,581.0689266700405,2.0093983186858657
2637,Industrial_LMO,7.491297309399624,0.6623562737231239,0.27559968524918566,12.07792615780049,6.798121061814769,20.9842688877278,130.4484608224917,70.54930872981231,7.538389562219063,0.8357615072820173,0.9376811919934558,0.8632447832255005,0.8824181756267843,77.3740845751726,254.44482164757298,283.8129279977241,0.11542033420050642
2376,Industrial_LMO,6.073557032639567,0.9592996096608397,0.9717702213541644,10.502532836939638,0.686730196863804,420.9734146319485,130.30807414642885,78.99990061264496,6.725280622484009,0.9510743507496753,0.937901418345145,0.949588790803127,0.9383181258750396,73.41065711656793,240.24537867579642,290.68172478208464,0.20993680038420423
1118,Consumer_LCO,5.583701681521768,12.097132380848429,0.46724189028677754,0.409448024470132,3.5822933256221425,1477.3451041307528,176.1850548867242,68.88490925175122,4.483244975126532,0.7739940941762647,0.8242442385698182,0.8528992524038643,0.83787688980486,59.77899896545363,165.73633841153617,608.9553557359658,2.674241639295074
1908,Industrial_LMO,6.580110680007827,0.6719914261708709,0.5404323023330019,11.675551764596868,9.768734501150652,787.2357577335481,123.27716600721065,84.26752964359366,6.762588865800782,0.7262790474912493,0.8181789907365683,0.7868675392041239,0.8594169089781374,80.54169333018726,240.01042643507034,230.61376764666883,-0.03915104409409303
2511,EV_NMC622,7.538963322471269,5.919612799464126,11.234405455022518,4.771107902115995,5.680938289270101,1567.7921345441105,202.97603321349243,78.2762621049003,6.592405427102496,0.7320468613445399,0.8979409200242736,0.7939966183118438,0.8845622540362037,71.5965755050138,220.93313291171845,623.4190453615344,1.8217544247229014
2979,EV_NMC811,8.020470114376675,2.7345796504072397,16.314030311352568,2.893260508749168,8.739731899309852,349.8307657940425,296.7228165047439,49.76495548495141,7.351588539716359,0.6480849683504742,0.8513843486121004,0.7837504131533116,0.7422783970217658,61.18863939929416,242.5770579260225,548.8615126078215,1.262627460735405
2846,Industrial_LMO,6.5250661330829764,0.059359460501391736,0.7652148085336324,12.892533110401212,3.7035618997847566,1112.6900259129316,147.36845519681106,80.81452652678945,2.5343375188998114,0.816243130504774,0.8626803326258699,0.8185562504838159,0.8323294289305337,58.65892298732576,107.62731961622787,233.43571646698837,1.1689262289478342
2019,Industrial_LMO,7.261852613696959,0.6393821964960748,0.06282287943349396,11.890424743840278,4.6649076063765555,1242.6340894642267,124.1994529066594,81.91541437877603,2.1479610336523645,0.7343769701836944,0.8681374624315121,0.8147298509290342,0.8134168794107411,63.11817846736836,85.31984905724941,241.67031997832964,1.8325216540897702
3007,Industrial_LMO,7.883388115934283,0.8933727149700954,0.5134213428087788,11.531134036097738,9.302687870422535,741.6275639078062,140.14304438860097,77.95200286526443,6.745091684221713,0.7100032931423531,0.8373184920505158,0.7824255734338172,0.8390471251276107,76.25659147018608,244.92793455919943,266.6245649328979,0.08858373142592424
2341,EV_NMC811,9.511908467366236,2.7118703895492313,15.823938485229206,2.442830029720591,1.4476172558206526,603.1540505704994,259.9957456783037,81.43586251517652,6.904027296109211,0.9744445753831522,0.98,0.9199059494854831,0.98,72.30465124088167,236.6442496784632,742.3150738684062,2.1368396860562453
2353,Consumer_NMC,6.649315580743323,7.241303420932297,6.19080916485473,6.298539061788361,9.534336354950876,686.19021777266,211.47694600077878,70.25823726640377,7.337756910138961,0.7131722568934193,0.8486666224977268,0.7708591131479773,0.7767769636787502,71.94439378269742,248.13526590855253,552.641635629458,1.2271789284201462
